-- phpMyAdmin SQL Dump
-- version 5.2.0
-- https://www.phpmyadmin.net/
--
-- Host: localhost:3306
-- Generation Time: Apr 28, 2026 at 06:35 AM
-- Server version: 10.4.25-MariaDB
-- PHP Version: 8.0.21

SET SQL_MODE = "NO_AUTO_VALUE_ON_ZERO";
START TRANSACTION;
SET time_zone = "+00:00";


/*!40101 SET @OLD_CHARACTER_SET_CLIENT=@@CHARACTER_SET_CLIENT */;
/*!40101 SET @OLD_CHARACTER_SET_RESULTS=@@CHARACTER_SET_RESULTS */;
/*!40101 SET @OLD_COLLATION_CONNECTION=@@COLLATION_CONNECTION */;
/*!40101 SET NAMES utf8mb4 */;

--
-- Database: `translations`
--

-- --------------------------------------------------------

--
-- Table structure for table `failed_jobs`
--

CREATE TABLE `failed_jobs` (
  `id` bigint(20) UNSIGNED NOT NULL,
  `uuid` varchar(255) COLLATE utf8mb4_unicode_ci NOT NULL,
  `connection` text COLLATE utf8mb4_unicode_ci NOT NULL,
  `queue` text COLLATE utf8mb4_unicode_ci NOT NULL,
  `payload` longtext COLLATE utf8mb4_unicode_ci NOT NULL,
  `exception` longtext COLLATE utf8mb4_unicode_ci NOT NULL,
  `failed_at` timestamp NOT NULL DEFAULT current_timestamp()
) ENGINE=InnoDB DEFAULT CHARSET=utf8mb4 COLLATE=utf8mb4_unicode_ci;

-- --------------------------------------------------------

--
-- Table structure for table `migrations`
--

CREATE TABLE `migrations` (
  `id` int(10) UNSIGNED NOT NULL,
  `migration` varchar(255) COLLATE utf8mb4_unicode_ci NOT NULL,
  `batch` int(11) NOT NULL
) ENGINE=InnoDB DEFAULT CHARSET=utf8mb4 COLLATE=utf8mb4_unicode_ci;

--
-- Dumping data for table `migrations`
--

INSERT INTO `migrations` (`id`, `migration`, `batch`) VALUES
(1, '2014_10_12_000000_create_users_table', 1),
(2, '2014_10_12_100000_create_password_reset_tokens_table', 1),
(3, '2019_08_19_000000_create_failed_jobs_table', 1),
(4, '2019_12_14_000001_create_personal_access_tokens_table', 1),
(5, '2026_04_27_081729_create_translations_table', 1),
(6, '2026_04_27_081734_create_translation_values_table', 1),
(7, '2026_04_27_081738_create_tags_table', 1),
(8, '2026_04_27_081746_create_translation_tag_table', 1);

-- --------------------------------------------------------

--
-- Table structure for table `password_reset_tokens`
--

CREATE TABLE `password_reset_tokens` (
  `email` varchar(255) COLLATE utf8mb4_unicode_ci NOT NULL,
  `token` varchar(255) COLLATE utf8mb4_unicode_ci NOT NULL,
  `created_at` timestamp NULL DEFAULT NULL
) ENGINE=InnoDB DEFAULT CHARSET=utf8mb4 COLLATE=utf8mb4_unicode_ci;

-- --------------------------------------------------------

--
-- Table structure for table `personal_access_tokens`
--

CREATE TABLE `personal_access_tokens` (
  `id` bigint(20) UNSIGNED NOT NULL,
  `tokenable_type` varchar(255) COLLATE utf8mb4_unicode_ci NOT NULL,
  `tokenable_id` bigint(20) UNSIGNED NOT NULL,
  `name` varchar(255) COLLATE utf8mb4_unicode_ci NOT NULL,
  `token` varchar(64) COLLATE utf8mb4_unicode_ci NOT NULL,
  `abilities` text COLLATE utf8mb4_unicode_ci DEFAULT NULL,
  `last_used_at` timestamp NULL DEFAULT NULL,
  `expires_at` timestamp NULL DEFAULT NULL,
  `created_at` timestamp NULL DEFAULT NULL,
  `updated_at` timestamp NULL DEFAULT NULL
) ENGINE=InnoDB DEFAULT CHARSET=utf8mb4 COLLATE=utf8mb4_unicode_ci;

-- --------------------------------------------------------

--
-- Table structure for table `tags`
--

CREATE TABLE `tags` (
  `id` bigint(20) UNSIGNED NOT NULL,
  `name` varchar(255) COLLATE utf8mb4_unicode_ci NOT NULL,
  `created_at` timestamp NULL DEFAULT NULL,
  `updated_at` timestamp NULL DEFAULT NULL
) ENGINE=InnoDB DEFAULT CHARSET=utf8mb4 COLLATE=utf8mb4_unicode_ci;

--
-- Dumping data for table `tags`
--

INSERT INTO `tags` (`id`, `name`, `created_at`, `updated_at`) VALUES
(1, 'web', '2026-04-27 07:55:27', '2026-04-27 07:55:27'),
(2, 'mobile', '2026-04-27 07:55:27', '2026-04-27 07:55:27'),
(3, 'desktop', '2026-04-27 07:55:27', '2026-04-27 07:55:27'),
(4, 'api', '2026-04-27 07:55:27', '2026-04-27 07:55:27'),
(5, 'ecommerce', '2026-04-27 07:55:27', '2026-04-27 07:55:27');

-- --------------------------------------------------------

--
-- Table structure for table `translations`
--

CREATE TABLE `translations` (
  `id` bigint(20) UNSIGNED NOT NULL,
  `key` varchar(255) COLLATE utf8mb4_unicode_ci NOT NULL,
  `created_at` timestamp NULL DEFAULT NULL,
  `updated_at` timestamp NULL DEFAULT NULL
) ENGINE=InnoDB DEFAULT CHARSET=utf8mb4 COLLATE=utf8mb4_unicode_ci;

--
-- Dumping data for table `translations`
--

INSERT INTO `translations` (`id`, `key`, `created_at`, `updated_at`) VALUES
(1, 'key_0_69ef5cbfb0ba1', '2026-04-27 07:55:27', '2026-04-27 07:55:27'),
(2, 'key_1_69ef5cbfb0bae', '2026-04-27 07:55:27', '2026-04-27 07:55:27'),
(3, 'key_2_69ef5cbfb0bb1', '2026-04-27 07:55:27', '2026-04-27 07:55:27'),
(4, 'key_3_69ef5cbfb0bb4', '2026-04-27 07:55:27', '2026-04-27 07:55:27'),
(5, 'key_4_69ef5cbfb0bb7', '2026-04-27 07:55:27', '2026-04-27 07:55:27'),
(6, 'key_5_69ef5cbfb0bba', '2026-04-27 07:55:27', '2026-04-27 07:55:27'),
(7, 'key_6_69ef5cbfb0bbd', '2026-04-27 07:55:27', '2026-04-27 07:55:27'),
(8, 'key_7_69ef5cbfb0bc0', '2026-04-27 07:55:27', '2026-04-27 07:55:27'),
(9, 'key_8_69ef5cbfb0bc3', '2026-04-27 07:55:27', '2026-04-27 07:55:27'),
(10, 'key_9_69ef5cbfb0bc6', '2026-04-27 07:55:27', '2026-04-27 07:55:27'),
(11, 'key_10_69ef5cbfb2782', '2026-04-27 07:55:27', '2026-04-27 07:55:27'),
(12, 'key_11_69ef5cbfb278e', '2026-04-27 07:55:27', '2026-04-27 07:55:27'),
(13, 'key_12_69ef5cbfb2791', '2026-04-27 07:55:27', '2026-04-27 07:55:27'),
(14, 'key_13_69ef5cbfb2794', '2026-04-27 07:55:27', '2026-04-27 07:55:27'),
(15, 'key_14_69ef5cbfb2797', '2026-04-27 07:55:27', '2026-04-27 07:55:27'),
(16, 'key_15_69ef5cbfb279a', '2026-04-27 07:55:27', '2026-04-27 07:55:27'),
(17, 'key_16_69ef5cbfb279d', '2026-04-27 07:55:27', '2026-04-27 07:55:27'),
(18, 'key_17_69ef5cbfb27a0', '2026-04-27 07:55:27', '2026-04-27 07:55:27'),
(19, 'key_18_69ef5cbfb27a3', '2026-04-27 07:55:27', '2026-04-27 07:55:27'),
(20, 'key_19_69ef5cbfb27a6', '2026-04-27 07:55:27', '2026-04-27 07:55:27'),
(21, 'key_20_69ef5cbfb3c73', '2026-04-27 07:55:27', '2026-04-27 07:55:27'),
(22, 'key_21_69ef5cbfb3c7a', '2026-04-27 07:55:27', '2026-04-27 07:55:27'),
(23, 'key_22_69ef5cbfb3c7d', '2026-04-27 07:55:27', '2026-04-27 07:55:27'),
(24, 'key_23_69ef5cbfb3c80', '2026-04-27 07:55:27', '2026-04-27 07:55:27'),
(25, 'key_24_69ef5cbfb3c83', '2026-04-27 07:55:27', '2026-04-27 07:55:27'),
(26, 'key_25_69ef5cbfb3c86', '2026-04-27 07:55:27', '2026-04-27 07:55:27'),
(27, 'key_26_69ef5cbfb3c89', '2026-04-27 07:55:27', '2026-04-27 07:55:27'),
(28, 'key_27_69ef5cbfb3c8c', '2026-04-27 07:55:27', '2026-04-27 07:55:27'),
(29, 'key_28_69ef5cbfb3c8e', '2026-04-27 07:55:27', '2026-04-27 07:55:27'),
(30, 'key_29_69ef5cbfb3c91', '2026-04-27 07:55:27', '2026-04-27 07:55:27'),
(31, 'key_30_69ef5cbfb4ad2', '2026-04-27 07:55:27', '2026-04-27 07:55:27'),
(32, 'key_31_69ef5cbfb4aef', '2026-04-27 07:55:27', '2026-04-27 07:55:27'),
(33, 'key_32_69ef5cbfb4af2', '2026-04-27 07:55:27', '2026-04-27 07:55:27'),
(34, 'key_33_69ef5cbfb4af5', '2026-04-27 07:55:27', '2026-04-27 07:55:27'),
(35, 'key_34_69ef5cbfb4af8', '2026-04-27 07:55:27', '2026-04-27 07:55:27'),
(36, 'key_35_69ef5cbfb4b1e', '2026-04-27 07:55:27', '2026-04-27 07:55:27'),
(37, 'key_36_69ef5cbfb4b21', '2026-04-27 07:55:27', '2026-04-27 07:55:27'),
(38, 'key_37_69ef5cbfb4b24', '2026-04-27 07:55:27', '2026-04-27 07:55:27'),
(39, 'key_38_69ef5cbfb4b27', '2026-04-27 07:55:27', '2026-04-27 07:55:27'),
(40, 'key_39_69ef5cbfb4b2a', '2026-04-27 07:55:27', '2026-04-27 07:55:27'),
(41, 'key_40_69ef5cbfb5bb7', '2026-04-27 07:55:27', '2026-04-27 07:55:27'),
(42, 'key_41_69ef5cbfb5bc2', '2026-04-27 07:55:27', '2026-04-27 07:55:27'),
(43, 'key_42_69ef5cbfb5bc5', '2026-04-27 07:55:27', '2026-04-27 07:55:27'),
(44, 'key_43_69ef5cbfb5bc8', '2026-04-27 07:55:27', '2026-04-27 07:55:27'),
(45, 'key_44_69ef5cbfb5bcb', '2026-04-27 07:55:27', '2026-04-27 07:55:27'),
(46, 'key_45_69ef5cbfb5bce', '2026-04-27 07:55:27', '2026-04-27 07:55:27'),
(47, 'key_46_69ef5cbfb5bd1', '2026-04-27 07:55:27', '2026-04-27 07:55:27'),
(48, 'key_47_69ef5cbfb5bd4', '2026-04-27 07:55:27', '2026-04-27 07:55:27'),
(49, 'key_48_69ef5cbfb5bd7', '2026-04-27 07:55:27', '2026-04-27 07:55:27'),
(50, 'key_49_69ef5cbfb5bda', '2026-04-27 07:55:27', '2026-04-27 07:55:27'),
(51, 'key_50_69ef5cbfb6b5a', '2026-04-27 07:55:27', '2026-04-27 07:55:27'),
(52, 'key_51_69ef5cbfb6b8c', '2026-04-27 07:55:27', '2026-04-27 07:55:27'),
(53, 'key_52_69ef5cbfb6b97', '2026-04-27 07:55:27', '2026-04-27 07:55:27'),
(54, 'key_53_69ef5cbfb6ba1', '2026-04-27 07:55:27', '2026-04-27 07:55:27'),
(55, 'key_54_69ef5cbfb6baa', '2026-04-27 07:55:27', '2026-04-27 07:55:27'),
(56, 'key_55_69ef5cbfb6bc7', '2026-04-27 07:55:27', '2026-04-27 07:55:27'),
(57, 'key_56_69ef5cbfb6bcc', '2026-04-27 07:55:27', '2026-04-27 07:55:27'),
(58, 'key_57_69ef5cbfb6bcf', '2026-04-27 07:55:27', '2026-04-27 07:55:27'),
(59, 'key_58_69ef5cbfb6be3', '2026-04-27 07:55:27', '2026-04-27 07:55:27'),
(60, 'key_59_69ef5cbfb6be7', '2026-04-27 07:55:27', '2026-04-27 07:55:27'),
(61, 'key_60_69ef5cbfb7c6f', '2026-04-27 07:55:27', '2026-04-27 07:55:27'),
(62, 'key_61_69ef5cbfb7c7d', '2026-04-27 07:55:27', '2026-04-27 07:55:27'),
(63, 'key_62_69ef5cbfb7c80', '2026-04-27 07:55:27', '2026-04-27 07:55:27'),
(64, 'key_63_69ef5cbfb7c83', '2026-04-27 07:55:27', '2026-04-27 07:55:27'),
(65, 'key_64_69ef5cbfb7c86', '2026-04-27 07:55:27', '2026-04-27 07:55:27'),
(66, 'key_65_69ef5cbfb7c89', '2026-04-27 07:55:27', '2026-04-27 07:55:27'),
(67, 'key_66_69ef5cbfb7c8c', '2026-04-27 07:55:27', '2026-04-27 07:55:27'),
(68, 'key_67_69ef5cbfb7c8f', '2026-04-27 07:55:27', '2026-04-27 07:55:27'),
(69, 'key_68_69ef5cbfb7c92', '2026-04-27 07:55:27', '2026-04-27 07:55:27'),
(70, 'key_69_69ef5cbfb7c94', '2026-04-27 07:55:27', '2026-04-27 07:55:27'),
(71, 'key_70_69ef5cbfb9082', '2026-04-27 07:55:27', '2026-04-27 07:55:27'),
(72, 'key_71_69ef5cbfb90da', '2026-04-27 07:55:27', '2026-04-27 07:55:27'),
(73, 'key_72_69ef5cbfb90f4', '2026-04-27 07:55:27', '2026-04-27 07:55:27'),
(74, 'key_73_69ef5cbfb90ff', '2026-04-27 07:55:27', '2026-04-27 07:55:27'),
(75, 'key_74_69ef5cbfb9109', '2026-04-27 07:55:27', '2026-04-27 07:55:27'),
(76, 'key_75_69ef5cbfb9113', '2026-04-27 07:55:27', '2026-04-27 07:55:27'),
(77, 'key_76_69ef5cbfb911d', '2026-04-27 07:55:27', '2026-04-27 07:55:27'),
(78, 'key_77_69ef5cbfb9126', '2026-04-27 07:55:27', '2026-04-27 07:55:27'),
(79, 'key_78_69ef5cbfb9142', '2026-04-27 07:55:27', '2026-04-27 07:55:27'),
(80, 'key_79_69ef5cbfb9148', '2026-04-27 07:55:27', '2026-04-27 07:55:27'),
(81, 'key_80_69ef5cbfba382', '2026-04-27 07:55:27', '2026-04-27 07:55:27'),
(82, 'key_81_69ef5cbfba391', '2026-04-27 07:55:27', '2026-04-27 07:55:27'),
(83, 'key_82_69ef5cbfba394', '2026-04-27 07:55:27', '2026-04-27 07:55:27'),
(84, 'key_83_69ef5cbfba397', '2026-04-27 07:55:27', '2026-04-27 07:55:27'),
(85, 'key_84_69ef5cbfba39a', '2026-04-27 07:55:27', '2026-04-27 07:55:27'),
(86, 'key_85_69ef5cbfba39d', '2026-04-27 07:55:27', '2026-04-27 07:55:27'),
(87, 'key_86_69ef5cbfba3a0', '2026-04-27 07:55:27', '2026-04-27 07:55:27'),
(88, 'key_87_69ef5cbfba3a3', '2026-04-27 07:55:27', '2026-04-27 07:55:27'),
(89, 'key_88_69ef5cbfba3a6', '2026-04-27 07:55:27', '2026-04-27 07:55:27'),
(90, 'key_89_69ef5cbfba3a9', '2026-04-27 07:55:27', '2026-04-27 07:55:27'),
(91, 'key_90_69ef5cbfbaebc', '2026-04-27 07:55:27', '2026-04-27 07:55:27'),
(92, 'key_91_69ef5cbfbaecf', '2026-04-27 07:55:27', '2026-04-27 07:55:27'),
(93, 'key_92_69ef5cbfbaed2', '2026-04-27 07:55:27', '2026-04-27 07:55:27'),
(94, 'key_93_69ef5cbfbaed5', '2026-04-27 07:55:27', '2026-04-27 07:55:27'),
(95, 'key_94_69ef5cbfbaed8', '2026-04-27 07:55:27', '2026-04-27 07:55:27'),
(96, 'key_95_69ef5cbfbaedb', '2026-04-27 07:55:27', '2026-04-27 07:55:27'),
(97, 'key_96_69ef5cbfbaede', '2026-04-27 07:55:27', '2026-04-27 07:55:27'),
(98, 'key_97_69ef5cbfbaee1', '2026-04-27 07:55:27', '2026-04-27 07:55:27'),
(99, 'key_98_69ef5cbfbaee4', '2026-04-27 07:55:27', '2026-04-27 07:55:27'),
(100, 'key_99_69ef5cbfbaee7', '2026-04-27 07:55:27', '2026-04-27 07:55:27');

-- --------------------------------------------------------

--
-- Table structure for table `translation_tag`
--

CREATE TABLE `translation_tag` (
  `id` bigint(20) UNSIGNED NOT NULL,
  `translation_id` bigint(20) UNSIGNED NOT NULL,
  `tag_id` bigint(20) UNSIGNED NOT NULL
) ENGINE=InnoDB DEFAULT CHARSET=utf8mb4 COLLATE=utf8mb4_unicode_ci;

--
-- Dumping data for table `translation_tag`
--

INSERT INTO `translation_tag` (`id`, `translation_id`, `tag_id`) VALUES
(20, 1, 1),
(19, 1, 3),
(18, 2, 1),
(17, 2, 3),
(16, 3, 1),
(15, 3, 3),
(14, 4, 3),
(13, 4, 4),
(12, 5, 1),
(11, 5, 5),
(10, 6, 1),
(9, 6, 5),
(8, 7, 1),
(7, 7, 4),
(6, 8, 2),
(5, 8, 5),
(3, 9, 3),
(4, 9, 5),
(2, 10, 2),
(1, 10, 3),
(40, 11, 1),
(39, 11, 3),
(38, 12, 1),
(37, 12, 5),
(36, 13, 2),
(35, 13, 3),
(33, 14, 3),
(34, 14, 5),
(32, 15, 2),
(31, 15, 3),
(30, 16, 1),
(29, 16, 5),
(28, 17, 2),
(27, 17, 4),
(26, 18, 2),
(25, 18, 4),
(24, 19, 1),
(23, 19, 5),
(21, 20, 3),
(22, 20, 5),
(60, 21, 3),
(59, 21, 4),
(57, 22, 4),
(58, 22, 5),
(56, 23, 1),
(55, 23, 3),
(54, 24, 1),
(53, 24, 4),
(52, 25, 1),
(51, 25, 4),
(50, 26, 2),
(49, 26, 5),
(47, 27, 4),
(48, 27, 5),
(46, 28, 2),
(45, 28, 5),
(44, 29, 2),
(43, 29, 5),
(42, 30, 1),
(41, 30, 4),
(80, 31, 1),
(79, 31, 5),
(78, 32, 2),
(77, 32, 4),
(76, 33, 2),
(75, 33, 3),
(74, 34, 2),
(73, 34, 5),
(72, 35, 2),
(71, 35, 3),
(70, 36, 2),
(69, 36, 5),
(68, 37, 1),
(67, 37, 2),
(66, 38, 1),
(65, 38, 2),
(63, 39, 4),
(64, 39, 5),
(62, 40, 1),
(61, 40, 5),
(99, 41, 4),
(100, 41, 5),
(98, 42, 2),
(97, 42, 5),
(95, 43, 4),
(96, 43, 5),
(94, 44, 2),
(93, 44, 5),
(91, 45, 4),
(92, 45, 5),
(90, 46, 1),
(89, 46, 5),
(88, 47, 1),
(87, 47, 4),
(86, 48, 1),
(85, 48, 2),
(84, 49, 1),
(83, 49, 3),
(81, 50, 4),
(82, 50, 5),
(120, 51, 2),
(119, 51, 3),
(118, 52, 1),
(117, 52, 3),
(116, 53, 1),
(115, 53, 4),
(113, 54, 4),
(114, 54, 5),
(112, 55, 2),
(111, 55, 3),
(110, 56, 1),
(109, 56, 3),
(108, 57, 1),
(107, 57, 3),
(106, 58, 2),
(105, 58, 3),
(104, 59, 1),
(103, 59, 5),
(102, 60, 1),
(101, 60, 3),
(140, 61, 2),
(139, 61, 3),
(138, 62, 2),
(137, 62, 4),
(136, 63, 1),
(135, 63, 2),
(134, 64, 2),
(133, 64, 3),
(132, 65, 1),
(131, 65, 4),
(130, 66, 2),
(129, 66, 3),
(128, 67, 1),
(127, 67, 5),
(126, 68, 1),
(125, 68, 4),
(124, 69, 3),
(123, 69, 4),
(122, 70, 1),
(121, 70, 4),
(160, 71, 3),
(159, 71, 4),
(158, 72, 2),
(157, 72, 4),
(156, 73, 2),
(155, 73, 5),
(153, 74, 3),
(154, 74, 5),
(152, 75, 1),
(151, 75, 2),
(150, 76, 2),
(149, 76, 4),
(148, 77, 2),
(147, 77, 5),
(146, 78, 2),
(145, 78, 5),
(144, 79, 2),
(143, 79, 4),
(142, 80, 2),
(141, 80, 4),
(180, 81, 1),
(179, 81, 2),
(177, 82, 3),
(178, 82, 5),
(176, 83, 2),
(175, 83, 4),
(174, 84, 2),
(173, 84, 5),
(171, 85, 4),
(172, 85, 5),
(170, 86, 2),
(169, 86, 4),
(168, 87, 1),
(167, 87, 5),
(166, 88, 1),
(165, 88, 5),
(164, 89, 1),
(163, 89, 4),
(162, 90, 1),
(161, 90, 2),
(200, 91, 1),
(199, 91, 2),
(198, 92, 1),
(197, 92, 2),
(196, 93, 1),
(195, 93, 2),
(194, 94, 2),
(193, 94, 5),
(192, 95, 3),
(191, 95, 4),
(190, 96, 1),
(189, 96, 3),
(187, 97, 4),
(188, 97, 5),
(186, 98, 2),
(185, 98, 5),
(184, 99, 1),
(183, 99, 2),
(182, 100, 1),
(181, 100, 2);

-- --------------------------------------------------------

--
-- Table structure for table `translation_values`
--

CREATE TABLE `translation_values` (
  `id` bigint(20) UNSIGNED NOT NULL,
  `translation_id` bigint(20) UNSIGNED NOT NULL,
  `locale` varchar(10) COLLATE utf8mb4_unicode_ci NOT NULL,
  `value` text COLLATE utf8mb4_unicode_ci NOT NULL,
  `created_at` timestamp NULL DEFAULT NULL,
  `updated_at` timestamp NULL DEFAULT NULL
) ENGINE=InnoDB DEFAULT CHARSET=utf8mb4 COLLATE=utf8mb4_unicode_ci;

--
-- Dumping data for table `translation_values`
--

INSERT INTO `translation_values` (`id`, `translation_id`, `locale`, `value`, `created_at`, `updated_at`) VALUES
(1, 10, 'en', 'EN text key_9_69ef5cbfb0bc6', '2026-04-27 07:55:27', '2026-04-27 07:55:27'),
(2, 10, 'fr', 'FR text key_9_69ef5cbfb0bc6', '2026-04-27 07:55:27', '2026-04-27 07:55:27'),
(3, 10, 'es', 'ES text key_9_69ef5cbfb0bc6', '2026-04-27 07:55:27', '2026-04-27 07:55:27'),
(4, 9, 'en', 'EN text key_8_69ef5cbfb0bc3', '2026-04-27 07:55:27', '2026-04-27 07:55:27'),
(5, 9, 'fr', 'FR text key_8_69ef5cbfb0bc3', '2026-04-27 07:55:27', '2026-04-27 07:55:27'),
(6, 9, 'es', 'ES text key_8_69ef5cbfb0bc3', '2026-04-27 07:55:27', '2026-04-27 07:55:27'),
(7, 8, 'en', 'EN text key_7_69ef5cbfb0bc0', '2026-04-27 07:55:27', '2026-04-27 07:55:27'),
(8, 8, 'fr', 'FR text key_7_69ef5cbfb0bc0', '2026-04-27 07:55:27', '2026-04-27 07:55:27'),
(9, 8, 'es', 'ES text key_7_69ef5cbfb0bc0', '2026-04-27 07:55:27', '2026-04-27 07:55:27'),
(10, 7, 'en', 'EN text key_6_69ef5cbfb0bbd', '2026-04-27 07:55:27', '2026-04-27 07:55:27'),
(11, 7, 'fr', 'FR text key_6_69ef5cbfb0bbd', '2026-04-27 07:55:27', '2026-04-27 07:55:27'),
(12, 7, 'es', 'ES text key_6_69ef5cbfb0bbd', '2026-04-27 07:55:27', '2026-04-27 07:55:27'),
(13, 6, 'en', 'EN text key_5_69ef5cbfb0bba', '2026-04-27 07:55:27', '2026-04-27 07:55:27'),
(14, 6, 'fr', 'FR text key_5_69ef5cbfb0bba', '2026-04-27 07:55:27', '2026-04-27 07:55:27'),
(15, 6, 'es', 'ES text key_5_69ef5cbfb0bba', '2026-04-27 07:55:27', '2026-04-27 07:55:27'),
(16, 5, 'en', 'EN text key_4_69ef5cbfb0bb7', '2026-04-27 07:55:27', '2026-04-27 07:55:27'),
(17, 5, 'fr', 'FR text key_4_69ef5cbfb0bb7', '2026-04-27 07:55:27', '2026-04-27 07:55:27'),
(18, 5, 'es', 'ES text key_4_69ef5cbfb0bb7', '2026-04-27 07:55:27', '2026-04-27 07:55:27'),
(19, 4, 'en', 'EN text key_3_69ef5cbfb0bb4', '2026-04-27 07:55:27', '2026-04-27 07:55:27'),
(20, 4, 'fr', 'FR text key_3_69ef5cbfb0bb4', '2026-04-27 07:55:27', '2026-04-27 07:55:27'),
(21, 4, 'es', 'ES text key_3_69ef5cbfb0bb4', '2026-04-27 07:55:27', '2026-04-27 07:55:27'),
(22, 3, 'en', 'EN text key_2_69ef5cbfb0bb1', '2026-04-27 07:55:27', '2026-04-27 07:55:27'),
(23, 3, 'fr', 'FR text key_2_69ef5cbfb0bb1', '2026-04-27 07:55:27', '2026-04-27 07:55:27'),
(24, 3, 'es', 'ES text key_2_69ef5cbfb0bb1', '2026-04-27 07:55:27', '2026-04-27 07:55:27'),
(25, 2, 'en', 'EN text key_1_69ef5cbfb0bae', '2026-04-27 07:55:27', '2026-04-27 07:55:27'),
(26, 2, 'fr', 'FR text key_1_69ef5cbfb0bae', '2026-04-27 07:55:27', '2026-04-27 07:55:27'),
(27, 2, 'es', 'ES text key_1_69ef5cbfb0bae', '2026-04-27 07:55:27', '2026-04-27 07:55:27'),
(28, 1, 'en', 'EN text key_0_69ef5cbfb0ba1', '2026-04-27 07:55:27', '2026-04-27 07:55:27'),
(29, 1, 'fr', 'FR text key_0_69ef5cbfb0ba1', '2026-04-27 07:55:27', '2026-04-27 07:55:27'),
(30, 1, 'es', 'ES text key_0_69ef5cbfb0ba1', '2026-04-27 07:55:27', '2026-04-27 07:55:27'),
(31, 20, 'en', 'EN text key_19_69ef5cbfb27a6', '2026-04-27 07:55:27', '2026-04-27 07:55:27'),
(32, 20, 'fr', 'FR text key_19_69ef5cbfb27a6', '2026-04-27 07:55:27', '2026-04-27 07:55:27'),
(33, 20, 'es', 'ES text key_19_69ef5cbfb27a6', '2026-04-27 07:55:27', '2026-04-27 07:55:27'),
(34, 19, 'en', 'EN text key_18_69ef5cbfb27a3', '2026-04-27 07:55:27', '2026-04-27 07:55:27'),
(35, 19, 'fr', 'FR text key_18_69ef5cbfb27a3', '2026-04-27 07:55:27', '2026-04-27 07:55:27'),
(36, 19, 'es', 'ES text key_18_69ef5cbfb27a3', '2026-04-27 07:55:27', '2026-04-27 07:55:27'),
(37, 18, 'en', 'EN text key_17_69ef5cbfb27a0', '2026-04-27 07:55:27', '2026-04-27 07:55:27'),
(38, 18, 'fr', 'FR text key_17_69ef5cbfb27a0', '2026-04-27 07:55:27', '2026-04-27 07:55:27'),
(39, 18, 'es', 'ES text key_17_69ef5cbfb27a0', '2026-04-27 07:55:27', '2026-04-27 07:55:27'),
(40, 17, 'en', 'EN text key_16_69ef5cbfb279d', '2026-04-27 07:55:27', '2026-04-27 07:55:27'),
(41, 17, 'fr', 'FR text key_16_69ef5cbfb279d', '2026-04-27 07:55:27', '2026-04-27 07:55:27'),
(42, 17, 'es', 'ES text key_16_69ef5cbfb279d', '2026-04-27 07:55:27', '2026-04-27 07:55:27'),
(43, 16, 'en', 'EN text key_15_69ef5cbfb279a', '2026-04-27 07:55:27', '2026-04-27 07:55:27'),
(44, 16, 'fr', 'FR text key_15_69ef5cbfb279a', '2026-04-27 07:55:27', '2026-04-27 07:55:27'),
(45, 16, 'es', 'ES text key_15_69ef5cbfb279a', '2026-04-27 07:55:27', '2026-04-27 07:55:27'),
(46, 15, 'en', 'EN text key_14_69ef5cbfb2797', '2026-04-27 07:55:27', '2026-04-27 07:55:27'),
(47, 15, 'fr', 'FR text key_14_69ef5cbfb2797', '2026-04-27 07:55:27', '2026-04-27 07:55:27'),
(48, 15, 'es', 'ES text key_14_69ef5cbfb2797', '2026-04-27 07:55:27', '2026-04-27 07:55:27'),
(49, 14, 'en', 'EN text key_13_69ef5cbfb2794', '2026-04-27 07:55:27', '2026-04-27 07:55:27'),
(50, 14, 'fr', 'FR text key_13_69ef5cbfb2794', '2026-04-27 07:55:27', '2026-04-27 07:55:27'),
(51, 14, 'es', 'ES text key_13_69ef5cbfb2794', '2026-04-27 07:55:27', '2026-04-27 07:55:27'),
(52, 13, 'en', 'EN text key_12_69ef5cbfb2791', '2026-04-27 07:55:27', '2026-04-27 07:55:27'),
(53, 13, 'fr', 'FR text key_12_69ef5cbfb2791', '2026-04-27 07:55:27', '2026-04-27 07:55:27'),
(54, 13, 'es', 'ES text key_12_69ef5cbfb2791', '2026-04-27 07:55:27', '2026-04-27 07:55:27'),
(55, 12, 'en', 'EN text key_11_69ef5cbfb278e', '2026-04-27 07:55:27', '2026-04-27 07:55:27'),
(56, 12, 'fr', 'FR text key_11_69ef5cbfb278e', '2026-04-27 07:55:27', '2026-04-27 07:55:27'),
(57, 12, 'es', 'ES text key_11_69ef5cbfb278e', '2026-04-27 07:55:27', '2026-04-27 07:55:27'),
(58, 11, 'en', 'EN text key_10_69ef5cbfb2782', '2026-04-27 07:55:27', '2026-04-27 07:55:27'),
(59, 11, 'fr', 'FR text key_10_69ef5cbfb2782', '2026-04-27 07:55:27', '2026-04-27 07:55:27'),
(60, 11, 'es', 'ES text key_10_69ef5cbfb2782', '2026-04-27 07:55:27', '2026-04-27 07:55:27'),
(61, 30, 'en', 'EN text key_29_69ef5cbfb3c91', '2026-04-27 07:55:27', '2026-04-27 07:55:27'),
(62, 30, 'fr', 'FR text key_29_69ef5cbfb3c91', '2026-04-27 07:55:27', '2026-04-27 07:55:27'),
(63, 30, 'es', 'ES text key_29_69ef5cbfb3c91', '2026-04-27 07:55:27', '2026-04-27 07:55:27'),
(64, 29, 'en', 'EN text key_28_69ef5cbfb3c8e', '2026-04-27 07:55:27', '2026-04-27 07:55:27'),
(65, 29, 'fr', 'FR text key_28_69ef5cbfb3c8e', '2026-04-27 07:55:27', '2026-04-27 07:55:27'),
(66, 29, 'es', 'ES text key_28_69ef5cbfb3c8e', '2026-04-27 07:55:27', '2026-04-27 07:55:27'),
(67, 28, 'en', 'EN text key_27_69ef5cbfb3c8c', '2026-04-27 07:55:27', '2026-04-27 07:55:27'),
(68, 28, 'fr', 'FR text key_27_69ef5cbfb3c8c', '2026-04-27 07:55:27', '2026-04-27 07:55:27'),
(69, 28, 'es', 'ES text key_27_69ef5cbfb3c8c', '2026-04-27 07:55:27', '2026-04-27 07:55:27'),
(70, 27, 'en', 'EN text key_26_69ef5cbfb3c89', '2026-04-27 07:55:27', '2026-04-27 07:55:27'),
(71, 27, 'fr', 'FR text key_26_69ef5cbfb3c89', '2026-04-27 07:55:27', '2026-04-27 07:55:27'),
(72, 27, 'es', 'ES text key_26_69ef5cbfb3c89', '2026-04-27 07:55:27', '2026-04-27 07:55:27'),
(73, 26, 'en', 'EN text key_25_69ef5cbfb3c86', '2026-04-27 07:55:27', '2026-04-27 07:55:27'),
(74, 26, 'fr', 'FR text key_25_69ef5cbfb3c86', '2026-04-27 07:55:27', '2026-04-27 07:55:27'),
(75, 26, 'es', 'ES text key_25_69ef5cbfb3c86', '2026-04-27 07:55:27', '2026-04-27 07:55:27'),
(76, 25, 'en', 'EN text key_24_69ef5cbfb3c83', '2026-04-27 07:55:27', '2026-04-27 07:55:27'),
(77, 25, 'fr', 'FR text key_24_69ef5cbfb3c83', '2026-04-27 07:55:27', '2026-04-27 07:55:27'),
(78, 25, 'es', 'ES text key_24_69ef5cbfb3c83', '2026-04-27 07:55:27', '2026-04-27 07:55:27'),
(79, 24, 'en', 'EN text key_23_69ef5cbfb3c80', '2026-04-27 07:55:27', '2026-04-27 07:55:27'),
(80, 24, 'fr', 'FR text key_23_69ef5cbfb3c80', '2026-04-27 07:55:27', '2026-04-27 07:55:27'),
(81, 24, 'es', 'ES text key_23_69ef5cbfb3c80', '2026-04-27 07:55:27', '2026-04-27 07:55:27'),
(82, 23, 'en', 'EN text key_22_69ef5cbfb3c7d', '2026-04-27 07:55:27', '2026-04-27 07:55:27'),
(83, 23, 'fr', 'FR text key_22_69ef5cbfb3c7d', '2026-04-27 07:55:27', '2026-04-27 07:55:27'),
(84, 23, 'es', 'ES text key_22_69ef5cbfb3c7d', '2026-04-27 07:55:27', '2026-04-27 07:55:27'),
(85, 22, 'en', 'EN text key_21_69ef5cbfb3c7a', '2026-04-27 07:55:27', '2026-04-27 07:55:27'),
(86, 22, 'fr', 'FR text key_21_69ef5cbfb3c7a', '2026-04-27 07:55:27', '2026-04-27 07:55:27'),
(87, 22, 'es', 'ES text key_21_69ef5cbfb3c7a', '2026-04-27 07:55:27', '2026-04-27 07:55:27'),
(88, 21, 'en', 'EN text key_20_69ef5cbfb3c73', '2026-04-27 07:55:27', '2026-04-27 07:55:27'),
(89, 21, 'fr', 'FR text key_20_69ef5cbfb3c73', '2026-04-27 07:55:27', '2026-04-27 07:55:27'),
(90, 21, 'es', 'ES text key_20_69ef5cbfb3c73', '2026-04-27 07:55:27', '2026-04-27 07:55:27'),
(91, 40, 'en', 'EN text key_39_69ef5cbfb4b2a', '2026-04-27 07:55:27', '2026-04-27 07:55:27'),
(92, 40, 'fr', 'FR text key_39_69ef5cbfb4b2a', '2026-04-27 07:55:27', '2026-04-27 07:55:27'),
(93, 40, 'es', 'ES text key_39_69ef5cbfb4b2a', '2026-04-27 07:55:27', '2026-04-27 07:55:27'),
(94, 39, 'en', 'EN text key_38_69ef5cbfb4b27', '2026-04-27 07:55:27', '2026-04-27 07:55:27'),
(95, 39, 'fr', 'FR text key_38_69ef5cbfb4b27', '2026-04-27 07:55:27', '2026-04-27 07:55:27'),
(96, 39, 'es', 'ES text key_38_69ef5cbfb4b27', '2026-04-27 07:55:27', '2026-04-27 07:55:27'),
(97, 38, 'en', 'EN text key_37_69ef5cbfb4b24', '2026-04-27 07:55:27', '2026-04-27 07:55:27'),
(98, 38, 'fr', 'FR text key_37_69ef5cbfb4b24', '2026-04-27 07:55:27', '2026-04-27 07:55:27'),
(99, 38, 'es', 'ES text key_37_69ef5cbfb4b24', '2026-04-27 07:55:27', '2026-04-27 07:55:27'),
(100, 37, 'en', 'EN text key_36_69ef5cbfb4b21', '2026-04-27 07:55:27', '2026-04-27 07:55:27'),
(101, 37, 'fr', 'FR text key_36_69ef5cbfb4b21', '2026-04-27 07:55:27', '2026-04-27 07:55:27'),
(102, 37, 'es', 'ES text key_36_69ef5cbfb4b21', '2026-04-27 07:55:27', '2026-04-27 07:55:27'),
(103, 36, 'en', 'EN text key_35_69ef5cbfb4b1e', '2026-04-27 07:55:27', '2026-04-27 07:55:27'),
(104, 36, 'fr', 'FR text key_35_69ef5cbfb4b1e', '2026-04-27 07:55:27', '2026-04-27 07:55:27'),
(105, 36, 'es', 'ES text key_35_69ef5cbfb4b1e', '2026-04-27 07:55:27', '2026-04-27 07:55:27'),
(106, 35, 'en', 'EN text key_34_69ef5cbfb4af8', '2026-04-27 07:55:27', '2026-04-27 07:55:27'),
(107, 35, 'fr', 'FR text key_34_69ef5cbfb4af8', '2026-04-27 07:55:27', '2026-04-27 07:55:27'),
(108, 35, 'es', 'ES text key_34_69ef5cbfb4af8', '2026-04-27 07:55:27', '2026-04-27 07:55:27'),
(109, 34, 'en', 'EN text key_33_69ef5cbfb4af5', '2026-04-27 07:55:27', '2026-04-27 07:55:27'),
(110, 34, 'fr', 'FR text key_33_69ef5cbfb4af5', '2026-04-27 07:55:27', '2026-04-27 07:55:27'),
(111, 34, 'es', 'ES text key_33_69ef5cbfb4af5', '2026-04-27 07:55:27', '2026-04-27 07:55:27'),
(112, 33, 'en', 'EN text key_32_69ef5cbfb4af2', '2026-04-27 07:55:27', '2026-04-27 07:55:27'),
(113, 33, 'fr', 'FR text key_32_69ef5cbfb4af2', '2026-04-27 07:55:27', '2026-04-27 07:55:27'),
(114, 33, 'es', 'ES text key_32_69ef5cbfb4af2', '2026-04-27 07:55:27', '2026-04-27 07:55:27'),
(115, 32, 'en', 'EN text key_31_69ef5cbfb4aef', '2026-04-27 07:55:27', '2026-04-27 07:55:27'),
(116, 32, 'fr', 'FR text key_31_69ef5cbfb4aef', '2026-04-27 07:55:27', '2026-04-27 07:55:27'),
(117, 32, 'es', 'ES text key_31_69ef5cbfb4aef', '2026-04-27 07:55:27', '2026-04-27 07:55:27'),
(118, 31, 'en', 'EN text key_30_69ef5cbfb4ad2', '2026-04-27 07:55:27', '2026-04-27 07:55:27'),
(119, 31, 'fr', 'FR text key_30_69ef5cbfb4ad2', '2026-04-27 07:55:27', '2026-04-27 07:55:27'),
(120, 31, 'es', 'ES text key_30_69ef5cbfb4ad2', '2026-04-27 07:55:27', '2026-04-27 07:55:27'),
(121, 50, 'en', 'EN text key_49_69ef5cbfb5bda', '2026-04-27 07:55:27', '2026-04-27 07:55:27'),
(122, 50, 'fr', 'FR text key_49_69ef5cbfb5bda', '2026-04-27 07:55:27', '2026-04-27 07:55:27'),
(123, 50, 'es', 'ES text key_49_69ef5cbfb5bda', '2026-04-27 07:55:27', '2026-04-27 07:55:27'),
(124, 49, 'en', 'EN text key_48_69ef5cbfb5bd7', '2026-04-27 07:55:27', '2026-04-27 07:55:27'),
(125, 49, 'fr', 'FR text key_48_69ef5cbfb5bd7', '2026-04-27 07:55:27', '2026-04-27 07:55:27'),
(126, 49, 'es', 'ES text key_48_69ef5cbfb5bd7', '2026-04-27 07:55:27', '2026-04-27 07:55:27'),
(127, 48, 'en', 'EN text key_47_69ef5cbfb5bd4', '2026-04-27 07:55:27', '2026-04-27 07:55:27'),
(128, 48, 'fr', 'FR text key_47_69ef5cbfb5bd4', '2026-04-27 07:55:27', '2026-04-27 07:55:27'),
(129, 48, 'es', 'ES text key_47_69ef5cbfb5bd4', '2026-04-27 07:55:27', '2026-04-27 07:55:27'),
(130, 47, 'en', 'EN text key_46_69ef5cbfb5bd1', '2026-04-27 07:55:27', '2026-04-27 07:55:27'),
(131, 47, 'fr', 'FR text key_46_69ef5cbfb5bd1', '2026-04-27 07:55:27', '2026-04-27 07:55:27'),
(132, 47, 'es', 'ES text key_46_69ef5cbfb5bd1', '2026-04-27 07:55:27', '2026-04-27 07:55:27'),
(133, 46, 'en', 'EN text key_45_69ef5cbfb5bce', '2026-04-27 07:55:27', '2026-04-27 07:55:27'),
(134, 46, 'fr', 'FR text key_45_69ef5cbfb5bce', '2026-04-27 07:55:27', '2026-04-27 07:55:27'),
(135, 46, 'es', 'ES text key_45_69ef5cbfb5bce', '2026-04-27 07:55:27', '2026-04-27 07:55:27'),
(136, 45, 'en', 'EN text key_44_69ef5cbfb5bcb', '2026-04-27 07:55:27', '2026-04-27 07:55:27'),
(137, 45, 'fr', 'FR text key_44_69ef5cbfb5bcb', '2026-04-27 07:55:27', '2026-04-27 07:55:27'),
(138, 45, 'es', 'ES text key_44_69ef5cbfb5bcb', '2026-04-27 07:55:27', '2026-04-27 07:55:27'),
(139, 44, 'en', 'EN text key_43_69ef5cbfb5bc8', '2026-04-27 07:55:27', '2026-04-27 07:55:27'),
(140, 44, 'fr', 'FR text key_43_69ef5cbfb5bc8', '2026-04-27 07:55:27', '2026-04-27 07:55:27'),
(141, 44, 'es', 'ES text key_43_69ef5cbfb5bc8', '2026-04-27 07:55:27', '2026-04-27 07:55:27'),
(142, 43, 'en', 'EN text key_42_69ef5cbfb5bc5', '2026-04-27 07:55:27', '2026-04-27 07:55:27'),
(143, 43, 'fr', 'FR text key_42_69ef5cbfb5bc5', '2026-04-27 07:55:27', '2026-04-27 07:55:27'),
(144, 43, 'es', 'ES text key_42_69ef5cbfb5bc5', '2026-04-27 07:55:27', '2026-04-27 07:55:27'),
(145, 42, 'en', 'EN text key_41_69ef5cbfb5bc2', '2026-04-27 07:55:27', '2026-04-27 07:55:27'),
(146, 42, 'fr', 'FR text key_41_69ef5cbfb5bc2', '2026-04-27 07:55:27', '2026-04-27 07:55:27'),
(147, 42, 'es', 'ES text key_41_69ef5cbfb5bc2', '2026-04-27 07:55:27', '2026-04-27 07:55:27'),
(148, 41, 'en', 'EN text key_40_69ef5cbfb5bb7', '2026-04-27 07:55:27', '2026-04-27 07:55:27'),
(149, 41, 'fr', 'FR text key_40_69ef5cbfb5bb7', '2026-04-27 07:55:27', '2026-04-27 07:55:27'),
(150, 41, 'es', 'ES text key_40_69ef5cbfb5bb7', '2026-04-27 07:55:27', '2026-04-27 07:55:27'),
(151, 60, 'en', 'EN text key_59_69ef5cbfb6be7', '2026-04-27 07:55:27', '2026-04-27 07:55:27'),
(152, 60, 'fr', 'FR text key_59_69ef5cbfb6be7', '2026-04-27 07:55:27', '2026-04-27 07:55:27'),
(153, 60, 'es', 'ES text key_59_69ef5cbfb6be7', '2026-04-27 07:55:27', '2026-04-27 07:55:27'),
(154, 59, 'en', 'EN text key_58_69ef5cbfb6be3', '2026-04-27 07:55:27', '2026-04-27 07:55:27'),
(155, 59, 'fr', 'FR text key_58_69ef5cbfb6be3', '2026-04-27 07:55:27', '2026-04-27 07:55:27'),
(156, 59, 'es', 'ES text key_58_69ef5cbfb6be3', '2026-04-27 07:55:27', '2026-04-27 07:55:27'),
(157, 58, 'en', 'EN text key_57_69ef5cbfb6bcf', '2026-04-27 07:55:27', '2026-04-27 07:55:27'),
(158, 58, 'fr', 'FR text key_57_69ef5cbfb6bcf', '2026-04-27 07:55:27', '2026-04-27 07:55:27'),
(159, 58, 'es', 'ES text key_57_69ef5cbfb6bcf', '2026-04-27 07:55:27', '2026-04-27 07:55:27'),
(160, 57, 'en', 'EN text key_56_69ef5cbfb6bcc', '2026-04-27 07:55:27', '2026-04-27 07:55:27'),
(161, 57, 'fr', 'FR text key_56_69ef5cbfb6bcc', '2026-04-27 07:55:27', '2026-04-27 07:55:27'),
(162, 57, 'es', 'ES text key_56_69ef5cbfb6bcc', '2026-04-27 07:55:27', '2026-04-27 07:55:27'),
(163, 56, 'en', 'EN text key_55_69ef5cbfb6bc7', '2026-04-27 07:55:27', '2026-04-27 07:55:27'),
(164, 56, 'fr', 'FR text key_55_69ef5cbfb6bc7', '2026-04-27 07:55:27', '2026-04-27 07:55:27'),
(165, 56, 'es', 'ES text key_55_69ef5cbfb6bc7', '2026-04-27 07:55:27', '2026-04-27 07:55:27'),
(166, 55, 'en', 'EN text key_54_69ef5cbfb6baa', '2026-04-27 07:55:27', '2026-04-27 07:55:27'),
(167, 55, 'fr', 'FR text key_54_69ef5cbfb6baa', '2026-04-27 07:55:27', '2026-04-27 07:55:27'),
(168, 55, 'es', 'ES text key_54_69ef5cbfb6baa', '2026-04-27 07:55:27', '2026-04-27 07:55:27'),
(169, 54, 'en', 'EN text key_53_69ef5cbfb6ba1', '2026-04-27 07:55:27', '2026-04-27 07:55:27'),
(170, 54, 'fr', 'FR text key_53_69ef5cbfb6ba1', '2026-04-27 07:55:27', '2026-04-27 07:55:27'),
(171, 54, 'es', 'ES text key_53_69ef5cbfb6ba1', '2026-04-27 07:55:27', '2026-04-27 07:55:27'),
(172, 53, 'en', 'EN text key_52_69ef5cbfb6b97', '2026-04-27 07:55:27', '2026-04-27 07:55:27'),
(173, 53, 'fr', 'FR text key_52_69ef5cbfb6b97', '2026-04-27 07:55:27', '2026-04-27 07:55:27'),
(174, 53, 'es', 'ES text key_52_69ef5cbfb6b97', '2026-04-27 07:55:27', '2026-04-27 07:55:27'),
(175, 52, 'en', 'EN text key_51_69ef5cbfb6b8c', '2026-04-27 07:55:27', '2026-04-27 07:55:27'),
(176, 52, 'fr', 'FR text key_51_69ef5cbfb6b8c', '2026-04-27 07:55:27', '2026-04-27 07:55:27'),
(177, 52, 'es', 'ES text key_51_69ef5cbfb6b8c', '2026-04-27 07:55:27', '2026-04-27 07:55:27'),
(178, 51, 'en', 'EN text key_50_69ef5cbfb6b5a', '2026-04-27 07:55:27', '2026-04-27 07:55:27'),
(179, 51, 'fr', 'FR text key_50_69ef5cbfb6b5a', '2026-04-27 07:55:27', '2026-04-27 07:55:27'),
(180, 51, 'es', 'ES text key_50_69ef5cbfb6b5a', '2026-04-27 07:55:27', '2026-04-27 07:55:27'),
(181, 70, 'en', 'EN text key_69_69ef5cbfb7c94', '2026-04-27 07:55:27', '2026-04-27 07:55:27'),
(182, 70, 'fr', 'FR text key_69_69ef5cbfb7c94', '2026-04-27 07:55:27', '2026-04-27 07:55:27'),
(183, 70, 'es', 'ES text key_69_69ef5cbfb7c94', '2026-04-27 07:55:27', '2026-04-27 07:55:27'),
(184, 69, 'en', 'EN text key_68_69ef5cbfb7c92', '2026-04-27 07:55:27', '2026-04-27 07:55:27'),
(185, 69, 'fr', 'FR text key_68_69ef5cbfb7c92', '2026-04-27 07:55:27', '2026-04-27 07:55:27'),
(186, 69, 'es', 'ES text key_68_69ef5cbfb7c92', '2026-04-27 07:55:27', '2026-04-27 07:55:27'),
(187, 68, 'en', 'EN text key_67_69ef5cbfb7c8f', '2026-04-27 07:55:27', '2026-04-27 07:55:27'),
(188, 68, 'fr', 'FR text key_67_69ef5cbfb7c8f', '2026-04-27 07:55:27', '2026-04-27 07:55:27'),
(189, 68, 'es', 'ES text key_67_69ef5cbfb7c8f', '2026-04-27 07:55:27', '2026-04-27 07:55:27'),
(190, 67, 'en', 'EN text key_66_69ef5cbfb7c8c', '2026-04-27 07:55:27', '2026-04-27 07:55:27'),
(191, 67, 'fr', 'FR text key_66_69ef5cbfb7c8c', '2026-04-27 07:55:27', '2026-04-27 07:55:27'),
(192, 67, 'es', 'ES text key_66_69ef5cbfb7c8c', '2026-04-27 07:55:27', '2026-04-27 07:55:27'),
(193, 66, 'en', 'EN text key_65_69ef5cbfb7c89', '2026-04-27 07:55:27', '2026-04-27 07:55:27'),
(194, 66, 'fr', 'FR text key_65_69ef5cbfb7c89', '2026-04-27 07:55:27', '2026-04-27 07:55:27'),
(195, 66, 'es', 'ES text key_65_69ef5cbfb7c89', '2026-04-27 07:55:27', '2026-04-27 07:55:27'),
(196, 65, 'en', 'EN text key_64_69ef5cbfb7c86', '2026-04-27 07:55:27', '2026-04-27 07:55:27'),
(197, 65, 'fr', 'FR text key_64_69ef5cbfb7c86', '2026-04-27 07:55:27', '2026-04-27 07:55:27'),
(198, 65, 'es', 'ES text key_64_69ef5cbfb7c86', '2026-04-27 07:55:27', '2026-04-27 07:55:27'),
(199, 64, 'en', 'EN text key_63_69ef5cbfb7c83', '2026-04-27 07:55:27', '2026-04-27 07:55:27'),
(200, 64, 'fr', 'FR text key_63_69ef5cbfb7c83', '2026-04-27 07:55:27', '2026-04-27 07:55:27'),
(201, 64, 'es', 'ES text key_63_69ef5cbfb7c83', '2026-04-27 07:55:27', '2026-04-27 07:55:27'),
(202, 63, 'en', 'EN text key_62_69ef5cbfb7c80', '2026-04-27 07:55:27', '2026-04-27 07:55:27'),
(203, 63, 'fr', 'FR text key_62_69ef5cbfb7c80', '2026-04-27 07:55:27', '2026-04-27 07:55:27'),
(204, 63, 'es', 'ES text key_62_69ef5cbfb7c80', '2026-04-27 07:55:27', '2026-04-27 07:55:27'),
(205, 62, 'en', 'EN text key_61_69ef5cbfb7c7d', '2026-04-27 07:55:27', '2026-04-27 07:55:27'),
(206, 62, 'fr', 'FR text key_61_69ef5cbfb7c7d', '2026-04-27 07:55:27', '2026-04-27 07:55:27'),
(207, 62, 'es', 'ES text key_61_69ef5cbfb7c7d', '2026-04-27 07:55:27', '2026-04-27 07:55:27'),
(208, 61, 'en', 'EN text key_60_69ef5cbfb7c6f', '2026-04-27 07:55:27', '2026-04-27 07:55:27'),
(209, 61, 'fr', 'FR text key_60_69ef5cbfb7c6f', '2026-04-27 07:55:27', '2026-04-27 07:55:27'),
(210, 61, 'es', 'ES text key_60_69ef5cbfb7c6f', '2026-04-27 07:55:27', '2026-04-27 07:55:27'),
(211, 80, 'en', 'EN text key_79_69ef5cbfb9148', '2026-04-27 07:55:27', '2026-04-27 07:55:27'),
(212, 80, 'fr', 'FR text key_79_69ef5cbfb9148', '2026-04-27 07:55:27', '2026-04-27 07:55:27'),
(213, 80, 'es', 'ES text key_79_69ef5cbfb9148', '2026-04-27 07:55:27', '2026-04-27 07:55:27'),
(214, 79, 'en', 'EN text key_78_69ef5cbfb9142', '2026-04-27 07:55:27', '2026-04-27 07:55:27'),
(215, 79, 'fr', 'FR text key_78_69ef5cbfb9142', '2026-04-27 07:55:27', '2026-04-27 07:55:27'),
(216, 79, 'es', 'ES text key_78_69ef5cbfb9142', '2026-04-27 07:55:27', '2026-04-27 07:55:27'),
(217, 78, 'en', 'EN text key_77_69ef5cbfb9126', '2026-04-27 07:55:27', '2026-04-27 07:55:27'),
(218, 78, 'fr', 'FR text key_77_69ef5cbfb9126', '2026-04-27 07:55:27', '2026-04-27 07:55:27'),
(219, 78, 'es', 'ES text key_77_69ef5cbfb9126', '2026-04-27 07:55:27', '2026-04-27 07:55:27'),
(220, 77, 'en', 'EN text key_76_69ef5cbfb911d', '2026-04-27 07:55:27', '2026-04-27 07:55:27'),
(221, 77, 'fr', 'FR text key_76_69ef5cbfb911d', '2026-04-27 07:55:27', '2026-04-27 07:55:27'),
(222, 77, 'es', 'ES text key_76_69ef5cbfb911d', '2026-04-27 07:55:27', '2026-04-27 07:55:27'),
(223, 76, 'en', 'EN text key_75_69ef5cbfb9113', '2026-04-27 07:55:27', '2026-04-27 07:55:27'),
(224, 76, 'fr', 'FR text key_75_69ef5cbfb9113', '2026-04-27 07:55:27', '2026-04-27 07:55:27'),
(225, 76, 'es', 'ES text key_75_69ef5cbfb9113', '2026-04-27 07:55:27', '2026-04-27 07:55:27'),
(226, 75, 'en', 'EN text key_74_69ef5cbfb9109', '2026-04-27 07:55:27', '2026-04-27 07:55:27'),
(227, 75, 'fr', 'FR text key_74_69ef5cbfb9109', '2026-04-27 07:55:27', '2026-04-27 07:55:27'),
(228, 75, 'es', 'ES text key_74_69ef5cbfb9109', '2026-04-27 07:55:27', '2026-04-27 07:55:27'),
(229, 74, 'en', 'EN text key_73_69ef5cbfb90ff', '2026-04-27 07:55:27', '2026-04-27 07:55:27'),
(230, 74, 'fr', 'FR text key_73_69ef5cbfb90ff', '2026-04-27 07:55:27', '2026-04-27 07:55:27'),
(231, 74, 'es', 'ES text key_73_69ef5cbfb90ff', '2026-04-27 07:55:27', '2026-04-27 07:55:27'),
(232, 73, 'en', 'EN text key_72_69ef5cbfb90f4', '2026-04-27 07:55:27', '2026-04-27 07:55:27'),
(233, 73, 'fr', 'FR text key_72_69ef5cbfb90f4', '2026-04-27 07:55:27', '2026-04-27 07:55:27'),
(234, 73, 'es', 'ES text key_72_69ef5cbfb90f4', '2026-04-27 07:55:27', '2026-04-27 07:55:27'),
(235, 72, 'en', 'EN text key_71_69ef5cbfb90da', '2026-04-27 07:55:27', '2026-04-27 07:55:27'),
(236, 72, 'fr', 'FR text key_71_69ef5cbfb90da', '2026-04-27 07:55:27', '2026-04-27 07:55:27'),
(237, 72, 'es', 'ES text key_71_69ef5cbfb90da', '2026-04-27 07:55:27', '2026-04-27 07:55:27'),
(238, 71, 'en', 'EN text key_70_69ef5cbfb9082', '2026-04-27 07:55:27', '2026-04-27 07:55:27'),
(239, 71, 'fr', 'FR text key_70_69ef5cbfb9082', '2026-04-27 07:55:27', '2026-04-27 07:55:27'),
(240, 71, 'es', 'ES text key_70_69ef5cbfb9082', '2026-04-27 07:55:27', '2026-04-27 07:55:27'),
(241, 90, 'en', 'EN text key_89_69ef5cbfba3a9', '2026-04-27 07:55:27', '2026-04-27 07:55:27'),
(242, 90, 'fr', 'FR text key_89_69ef5cbfba3a9', '2026-04-27 07:55:27', '2026-04-27 07:55:27'),
(243, 90, 'es', 'ES text key_89_69ef5cbfba3a9', '2026-04-27 07:55:27', '2026-04-27 07:55:27'),
(244, 89, 'en', 'EN text key_88_69ef5cbfba3a6', '2026-04-27 07:55:27', '2026-04-27 07:55:27'),
(245, 89, 'fr', 'FR text key_88_69ef5cbfba3a6', '2026-04-27 07:55:27', '2026-04-27 07:55:27'),
(246, 89, 'es', 'ES text key_88_69ef5cbfba3a6', '2026-04-27 07:55:27', '2026-04-27 07:55:27'),
(247, 88, 'en', 'EN text key_87_69ef5cbfba3a3', '2026-04-27 07:55:27', '2026-04-27 07:55:27'),
(248, 88, 'fr', 'FR text key_87_69ef5cbfba3a3', '2026-04-27 07:55:27', '2026-04-27 07:55:27'),
(249, 88, 'es', 'ES text key_87_69ef5cbfba3a3', '2026-04-27 07:55:27', '2026-04-27 07:55:27'),
(250, 87, 'en', 'EN text key_86_69ef5cbfba3a0', '2026-04-27 07:55:27', '2026-04-27 07:55:27'),
(251, 87, 'fr', 'FR text key_86_69ef5cbfba3a0', '2026-04-27 07:55:27', '2026-04-27 07:55:27'),
(252, 87, 'es', 'ES text key_86_69ef5cbfba3a0', '2026-04-27 07:55:27', '2026-04-27 07:55:27'),
(253, 86, 'en', 'EN text key_85_69ef5cbfba39d', '2026-04-27 07:55:27', '2026-04-27 07:55:27'),
(254, 86, 'fr', 'FR text key_85_69ef5cbfba39d', '2026-04-27 07:55:27', '2026-04-27 07:55:27'),
(255, 86, 'es', 'ES text key_85_69ef5cbfba39d', '2026-04-27 07:55:27', '2026-04-27 07:55:27'),
(256, 85, 'en', 'EN text key_84_69ef5cbfba39a', '2026-04-27 07:55:27', '2026-04-27 07:55:27'),
(257, 85, 'fr', 'FR text key_84_69ef5cbfba39a', '2026-04-27 07:55:27', '2026-04-27 07:55:27'),
(258, 85, 'es', 'ES text key_84_69ef5cbfba39a', '2026-04-27 07:55:27', '2026-04-27 07:55:27'),
(259, 84, 'en', 'EN text key_83_69ef5cbfba397', '2026-04-27 07:55:27', '2026-04-27 07:55:27'),
(260, 84, 'fr', 'FR text key_83_69ef5cbfba397', '2026-04-27 07:55:27', '2026-04-27 07:55:27'),
(261, 84, 'es', 'ES text key_83_69ef5cbfba397', '2026-04-27 07:55:27', '2026-04-27 07:55:27'),
(262, 83, 'en', 'EN text key_82_69ef5cbfba394', '2026-04-27 07:55:27', '2026-04-27 07:55:27'),
(263, 83, 'fr', 'FR text key_82_69ef5cbfba394', '2026-04-27 07:55:27', '2026-04-27 07:55:27'),
(264, 83, 'es', 'ES text key_82_69ef5cbfba394', '2026-04-27 07:55:27', '2026-04-27 07:55:27'),
(265, 82, 'en', 'EN text key_81_69ef5cbfba391', '2026-04-27 07:55:27', '2026-04-27 07:55:27'),
(266, 82, 'fr', 'FR text key_81_69ef5cbfba391', '2026-04-27 07:55:27', '2026-04-27 07:55:27'),
(267, 82, 'es', 'ES text key_81_69ef5cbfba391', '2026-04-27 07:55:27', '2026-04-27 07:55:27'),
(268, 81, 'en', 'EN text key_80_69ef5cbfba382', '2026-04-27 07:55:27', '2026-04-27 07:55:27'),
(269, 81, 'fr', 'FR text key_80_69ef5cbfba382', '2026-04-27 07:55:27', '2026-04-27 07:55:27'),
(270, 81, 'es', 'ES text key_80_69ef5cbfba382', '2026-04-27 07:55:27', '2026-04-27 07:55:27'),
(271, 100, 'en', 'EN text key_99_69ef5cbfbaee7', '2026-04-27 07:55:27', '2026-04-27 07:55:27'),
(272, 100, 'fr', 'FR text key_99_69ef5cbfbaee7', '2026-04-27 07:55:27', '2026-04-27 07:55:27'),
(273, 100, 'es', 'ES text key_99_69ef5cbfbaee7', '2026-04-27 07:55:27', '2026-04-27 07:55:27'),
(274, 99, 'en', 'EN text key_98_69ef5cbfbaee4', '2026-04-27 07:55:27', '2026-04-27 07:55:27'),
(275, 99, 'fr', 'FR text key_98_69ef5cbfbaee4', '2026-04-27 07:55:27', '2026-04-27 07:55:27'),
(276, 99, 'es', 'ES text key_98_69ef5cbfbaee4', '2026-04-27 07:55:27', '2026-04-27 07:55:27'),
(277, 98, 'en', 'EN text key_97_69ef5cbfbaee1', '2026-04-27 07:55:27', '2026-04-27 07:55:27'),
(278, 98, 'fr', 'FR text key_97_69ef5cbfbaee1', '2026-04-27 07:55:27', '2026-04-27 07:55:27'),
(279, 98, 'es', 'ES text key_97_69ef5cbfbaee1', '2026-04-27 07:55:27', '2026-04-27 07:55:27'),
(280, 97, 'en', 'EN text key_96_69ef5cbfbaede', '2026-04-27 07:55:27', '2026-04-27 07:55:27'),
(281, 97, 'fr', 'FR text key_96_69ef5cbfbaede', '2026-04-27 07:55:27', '2026-04-27 07:55:27'),
(282, 97, 'es', 'ES text key_96_69ef5cbfbaede', '2026-04-27 07:55:27', '2026-04-27 07:55:27'),
(283, 96, 'en', 'EN text key_95_69ef5cbfbaedb', '2026-04-27 07:55:27', '2026-04-27 07:55:27'),
(284, 96, 'fr', 'FR text key_95_69ef5cbfbaedb', '2026-04-27 07:55:27', '2026-04-27 07:55:27'),
(285, 96, 'es', 'ES text key_95_69ef5cbfbaedb', '2026-04-27 07:55:27', '2026-04-27 07:55:27'),
(286, 95, 'en', 'EN text key_94_69ef5cbfbaed8', '2026-04-27 07:55:27', '2026-04-27 07:55:27'),
(287, 95, 'fr', 'FR text key_94_69ef5cbfbaed8', '2026-04-27 07:55:27', '2026-04-27 07:55:27'),
(288, 95, 'es', 'ES text key_94_69ef5cbfbaed8', '2026-04-27 07:55:27', '2026-04-27 07:55:27'),
(289, 94, 'en', 'EN text key_93_69ef5cbfbaed5', '2026-04-27 07:55:27', '2026-04-27 07:55:27'),
(290, 94, 'fr', 'FR text key_93_69ef5cbfbaed5', '2026-04-27 07:55:27', '2026-04-27 07:55:27'),
(291, 94, 'es', 'ES text key_93_69ef5cbfbaed5', '2026-04-27 07:55:27', '2026-04-27 07:55:27'),
(292, 93, 'en', 'EN text key_92_69ef5cbfbaed2', '2026-04-27 07:55:27', '2026-04-27 07:55:27'),
(293, 93, 'fr', 'FR text key_92_69ef5cbfbaed2', '2026-04-27 07:55:27', '2026-04-27 07:55:27'),
(294, 93, 'es', 'ES text key_92_69ef5cbfbaed2', '2026-04-27 07:55:27', '2026-04-27 07:55:27'),
(295, 92, 'en', 'EN text key_91_69ef5cbfbaecf', '2026-04-27 07:55:27', '2026-04-27 07:55:27'),
(296, 92, 'fr', 'FR text key_91_69ef5cbfbaecf', '2026-04-27 07:55:27', '2026-04-27 07:55:27'),
(297, 92, 'es', 'ES text key_91_69ef5cbfbaecf', '2026-04-27 07:55:27', '2026-04-27 07:55:27'),
(298, 91, 'en', 'EN text key_90_69ef5cbfbaebc', '2026-04-27 07:55:27', '2026-04-27 07:55:27'),
(299, 91, 'fr', 'FR text key_90_69ef5cbfbaebc', '2026-04-27 07:55:27', '2026-04-27 07:55:27'),
(300, 91, 'es', 'ES text key_90_69ef5cbfbaebc', '2026-04-27 07:55:27', '2026-04-27 07:55:27');

-- --------------------------------------------------------

--
-- Table structure for table `users`
--

CREATE TABLE `users` (
  `id` bigint(20) UNSIGNED NOT NULL,
  `name` varchar(255) COLLATE utf8mb4_unicode_ci NOT NULL,
  `email` varchar(255) COLLATE utf8mb4_unicode_ci NOT NULL,
  `email_verified_at` timestamp NULL DEFAULT NULL,
  `password` varchar(255) COLLATE utf8mb4_unicode_ci NOT NULL,
  `remember_token` varchar(100) COLLATE utf8mb4_unicode_ci DEFAULT NULL,
  `created_at` timestamp NULL DEFAULT NULL,
  `updated_at` timestamp NULL DEFAULT NULL
) ENGINE=InnoDB DEFAULT CHARSET=utf8mb4 COLLATE=utf8mb4_unicode_ci;

--
-- Dumping data for table `users`
--

INSERT INTO `users` (`id`, `name`, `email`, `email_verified_at`, `password`, `remember_token`, `created_at`, `updated_at`) VALUES
(1, 'John Doe', 'john@example.com', NULL, '$2y$12$T.5lBWoscizkL.2vrn0aJO30YT9KvVk2cxmD4sV7N2rkXUmXB4Tx6', NULL, '2026-04-27 07:55:27', '2026-04-27 07:55:27');

--
-- Indexes for dumped tables
--

--
-- Indexes for table `failed_jobs`
--
ALTER TABLE `failed_jobs`
  ADD PRIMARY KEY (`id`),
  ADD UNIQUE KEY `failed_jobs_uuid_unique` (`uuid`);

--
-- Indexes for table `migrations`
--
ALTER TABLE `migrations`
  ADD PRIMARY KEY (`id`);

--
-- Indexes for table `password_reset_tokens`
--
ALTER TABLE `password_reset_tokens`
  ADD PRIMARY KEY (`email`);

--
-- Indexes for table `personal_access_tokens`
--
ALTER TABLE `personal_access_tokens`
  ADD PRIMARY KEY (`id`),
  ADD UNIQUE KEY `personal_access_tokens_token_unique` (`token`),
  ADD KEY `personal_access_tokens_tokenable_type_tokenable_id_index` (`tokenable_type`,`tokenable_id`);

--
-- Indexes for table `tags`
--
ALTER TABLE `tags`
  ADD PRIMARY KEY (`id`),
  ADD UNIQUE KEY `tags_name_unique` (`name`);

--
-- Indexes for table `translations`
--
ALTER TABLE `translations`
  ADD PRIMARY KEY (`id`),
  ADD UNIQUE KEY `translations_key_unique` (`key`),
  ADD KEY `translations_key_index` (`key`);

--
-- Indexes for table `translation_tag`
--
ALTER TABLE `translation_tag`
  ADD PRIMARY KEY (`id`),
  ADD KEY `translation_tag_tag_id_foreign` (`tag_id`),
  ADD KEY `translation_tag_translation_id_tag_id_index` (`translation_id`,`tag_id`);

--
-- Indexes for table `translation_values`
--
ALTER TABLE `translation_values`
  ADD PRIMARY KEY (`id`),
  ADD KEY `translation_values_translation_id_foreign` (`translation_id`),
  ADD KEY `translation_values_locale_translation_id_index` (`locale`,`translation_id`);

--
-- Indexes for table `users`
--
ALTER TABLE `users`
  ADD PRIMARY KEY (`id`),
  ADD UNIQUE KEY `users_email_unique` (`email`);

--
-- AUTO_INCREMENT for dumped tables
--

--
-- AUTO_INCREMENT for table `failed_jobs`
--
ALTER TABLE `failed_jobs`
  MODIFY `id` bigint(20) UNSIGNED NOT NULL AUTO_INCREMENT;

--
-- AUTO_INCREMENT for table `migrations`
--
ALTER TABLE `migrations`
  MODIFY `id` int(10) UNSIGNED NOT NULL AUTO_INCREMENT, AUTO_INCREMENT=9;

--
-- AUTO_INCREMENT for table `personal_access_tokens`
--
ALTER TABLE `personal_access_tokens`
  MODIFY `id` bigint(20) UNSIGNED NOT NULL AUTO_INCREMENT, AUTO_INCREMENT=4;

--
-- AUTO_INCREMENT for table `tags`
--
ALTER TABLE `tags`
  MODIFY `id` bigint(20) UNSIGNED NOT NULL AUTO_INCREMENT, AUTO_INCREMENT=6;

--
-- AUTO_INCREMENT for table `translations`
--
ALTER TABLE `translations`
  MODIFY `id` bigint(20) UNSIGNED NOT NULL AUTO_INCREMENT, AUTO_INCREMENT=101;

--
-- AUTO_INCREMENT for table `translation_tag`
--
ALTER TABLE `translation_tag`
  MODIFY `id` bigint(20) UNSIGNED NOT NULL AUTO_INCREMENT, AUTO_INCREMENT=201;

--
-- AUTO_INCREMENT for table `translation_values`
--
ALTER TABLE `translation_values`
  MODIFY `id` bigint(20) UNSIGNED NOT NULL AUTO_INCREMENT, AUTO_INCREMENT=301;

--
-- AUTO_INCREMENT for table `users`
--
ALTER TABLE `users`
  MODIFY `id` bigint(20) UNSIGNED NOT NULL AUTO_INCREMENT, AUTO_INCREMENT=2;

--
-- Constraints for dumped tables
--

--
-- Constraints for table `translation_tag`
--
ALTER TABLE `translation_tag`
  ADD CONSTRAINT `translation_tag_tag_id_foreign` FOREIGN KEY (`tag_id`) REFERENCES `tags` (`id`) ON DELETE CASCADE,
  ADD CONSTRAINT `translation_tag_translation_id_foreign` FOREIGN KEY (`translation_id`) REFERENCES `translations` (`id`) ON DELETE CASCADE;

--
-- Constraints for table `translation_values`
--
ALTER TABLE `translation_values`
  ADD CONSTRAINT `translation_values_translation_id_foreign` FOREIGN KEY (`translation_id`) REFERENCES `translations` (`id`) ON DELETE CASCADE;
COMMIT;

/*!40101 SET CHARACTER_SET_CLIENT=@OLD_CHARACTER_SET_CLIENT */;
/*!40101 SET CHARACTER_SET_RESULTS=@OLD_CHARACTER_SET_RESULTS */;
/*!40101 SET COLLATION_CONNECTION=@OLD_COLLATION_CONNECTION */;
